Tract,Calculation,Mortgage Total,M:Less than 20.0 percent,M:20.0 to 24.9 percent,M:25.0 to 29.9 percent,M:30.0 to 34.9 percent,M:35.0 percent or more,Not computed,Without Mortage Total,Less than 10.0 percent,10.0 to 14.9 percent,15.0 to 19.9 percent,20.0 to 24.9 percent,25.0 to 29.9 percent,30.0 to 34.9 percent,35.0 percent or more,Not computed,spacer,Rent Total,R:Less than 15.0 percent,R:15.0 to 19.9 percent,R:20.0 to 24.9 percent,R:25.0 to 29.9 percent,R:30.0 to 34.9 percent,R:35.0 percent or more,Not computed
"Census Tract 101.03, Davidson County, Tennessee",Estimate,369,151,89,52,37,40,0,294,115,107,34,28,0,0,10,0,,98,82,0,0,0,0,16,50
"Census Tract 101.03, Davidson County, Tennessee",Percent,369,40.9%,24.1%,14.1%,10.0%,10.8%,(X),294,39.1%,36.4%,11.6%,9.5%,0.0%,0.0%,3.4%,(X),,98,83.7%,0.0%,0.0%,0.0%,0.0%,16.3%,(X)
"Census Tract 101.04, Davidson County, Tennessee",Estimate,576,142,72,168,88,106,0,577,265,80,128,22,31,16,35,29,,138,15,0,0,0,40,83,55
"Census Tract 101.04, Davidson County, Tennessee",Percent,576,24.7%,12.5%,29.2%,15.3%,18.4%,(X),577,45.9%,13.9%,22.2%,3.8%,5.4%,2.8%,6.1%,(X),,138,10.9%,0.0%,0.0%,0.0%,29.0%,60.1%,(X)
"Census Tract 101.05, Davidson County, Tennessee",Estimate,"1,003",271,223,140,154,215,0,312,128,79,44,21,20,7,13,0,,294,0,11,39,95,0,149,34
"Census Tract 101.05, Davidson County, Tennessee",Percent,"1,003",27.0%,22.2%,14.0%,15.4%,21.4%,(X),312,41.0%,25.3%,14.1%,6.7%,6.4%,2.2%,4.2%,(X),,294,0.0%,3.7%,13.3%,32.3%,0.0%,50.7%,(X)
"Census Tract 101.06, Davidson County, Tennessee",Estimate,662,87,89,47,148,291,0,60,38,0,9,0,0,13,0,0,,154,0,38,19,0,13,84,0
"Census Tract 101.06, Davidson County, Tennessee",Percent,662,13.1%,13.4%,7.1%,22.4%,44.0%,(X),60,63.3%,0.0%,15.0%,0.0%,0.0%,21.7%,0.0%,(X),,154,0.0%,24.7%,12.3%,0.0%,8.4%,54.5%,(X)
"Census Tract 102.01, Davidson County, Tennessee",Estimate,905,208,195,167,29,306,0,366,112,43,58,84,14,0,55,0,,380,69,30,99,124,14,44,13
"Census Tract 102.01, Davidson County, Tennessee",Percent,905,23.0%,21.5%,18.5%,3.2%,33.8%,(X),366,30.6%,11.7%,15.8%,23.0%,3.8%,0.0%,15.0%,(X),,380,18.2%,7.9%,26.1%,32.6%,3.7%,11.6%,(X)
"Census Tract 102.02, Davidson County, Tennessee",Estimate,765,190,159,50,107,259,0,619,354,104,28,58,49,14,12,16,,122,0,17,67,12,0,26,58
"Census Tract 102.02, Davidson County, Tennessee",Percent,765,24.8%,20.8%,6.5%,14.0%,33.9%,(X),619,57.2%,16.8%,4.5%,9.4%,7.9%,2.3%,1.9%,(X),,122,0.0%,13.9%,54.9%,9.8%,0.0%,21.3%,(X)
"Census Tract 103.01, Davidson County, Tennessee",Estimate,593,231,96,54,50,162,0,306,143,68,51,26,10,0,8,15,,516,95,20,51,88,90,172,47
"Census Tract 103.01, Davidson County, Tennessee",Percent,593,39.0%,16.2%,9.1%,8.4%,27.3%,(X),306,46.7%,22.2%,16.7%,8.5%,3.3%,0.0%,2.6%,(X),,516,18.4%,3.9%,9.9%,17.1%,17.4%,33.3%,(X)
"Census Tract 103.02, Davidson County, Tennessee",Estimate,255,18,79,37,11,110,0,93,20,22,13,0,15,10,13,0,,477,76,76,29,15,51,230,0
"Census Tract 103.02, Davidson County, Tennessee",Percent,255,7.1%,31.0%,14.5%,4.3%,43.1%,(X),93,21.5%,23.7%,14.0%,0.0%,16.1%,10.8%,14.0%,(X),,477,15.9%,15.9%,6.1%,3.1%,10.7%,48.2%,(X)
"Census Tract 103.03, Davidson County, Tennessee",Estimate,558,169,138,49,70,132,0,251,78,132,0,15,0,0,26,0,,"1,022",104,245,206,229,71,167,19
"Census Tract 103.03, Davidson County, Tennessee",Percent,558,30.3%,24.7%,8.8%,12.5%,23.7%,(X),251,31.1%,52.6%,0.0%,6.0%,0.0%,0.0%,10.4%,(X),,"1,022",10.2%,24.0%,20.2%,22.4%,6.9%,16.3%,(X)
"Census Tract 104.01, Davidson County, Tennessee",Estimate,575,107,45,50,153,220,0,317,98,137,36,17,21,0,8,0,,921,86,90,213,72,59,401,34
"Census Tract 104.01, Davidson County, Tennessee",Percent,575,18.6%,7.8%,8.7%,26.6%,38.3%,(X),317,30.9%,43.2%,11.4%,5.4%,6.6%,0.0%,2.5%,(X),,921,9.3%,9.8%,23.1%,7.8%,6.4%,43.5%,(X)
"Census Tract 104.02, Davidson County, Tennessee",Estimate,496,186,76,36,74,124,10,321,106,72,12,24,0,37,70,0,,"1,278",190,183,65,229,129,482,216
"Census Tract 104.02, Davidson County, Tennessee",Percent,496,37.5%,15.3%,7.3%,14.9%,25.0%,(X),321,33.0%,22.4%,3.7%,7.5%,0.0%,11.5%,21.8%,(X),,"1,278",14.9%,14.3%,5.1%,17.9%,10.1%,37.7%,(X)
"Census Tract 105.01, Davidson County, Tennessee",Estimate,"1,129",396,274,73,77,309,0,529,156,114,56,52,0,27,124,0,,615,21,113,39,125,69,248,51
"Census Tract 105.01, Davidson County, Tennessee",Percent,"1,129",35.1%,24.3%,6.5%,6.8%,27.4%,(X),529,29.5%,21.6%,10.6%,9.8%,0.0%,5.1%,23.4%,(X),,615,3.4%,18.4%,6.3%,20.3%,11.2%,40.3%,(X)
"Census Tract 105.02, Davidson County, Tennessee",Estimate,"1,024",285,244,144,86,265,22,284,119,73,46,0,5,8,33,0,,421,76,71,47,48,96,83,8
"Census Tract 105.02, Davidson County, Tennessee",Percent,"1,024",27.8%,23.8%,14.1%,8.4%,25.9%,(X),284,41.9%,25.7%,16.2%,0.0%,1.8%,2.8%,11.6%,(X),,421,18.1%,16.9%,11.2%,11.4%,22.8%,19.7%,(X)
"Census Tract 106.01, Davidson County, Tennessee",Estimate,842,271,310,51,29,181,0,278,122,76,13,0,34,24,9,0,,724,81,124,39,127,57,296,64
"Census Tract 106.01, Davidson County, Tennessee",Percent,842,32.2%,36.8%,6.1%,3.4%,21.5%,(X),278,43.9%,27.3%,4.7%,0.0%,12.2%,8.6%,3.2%,(X),,724,11.2%,17.1%,5.4%,17.5%,7.9%,40.9%,(X)
"Census Tract 106.02, Davidson County, Tennessee",Estimate,579,152,53,13,90,271,0,217,81,52,18,10,0,0,56,0,,417,49,15,88,0,16,249,0
"Census Tract 106.02, Davidson County, Tennessee",Percent,579,26.3%,9.2%,2.2%,15.5%,46.8%,(X),217,37.3%,24.0%,8.3%,4.6%,0.0%,0.0%,25.8%,(X),,417,11.8%,3.6%,21.1%,0.0%,3.8%,59.7%,(X)
"Census Tract 107.01, Davidson County, Tennessee",Estimate,695,172,157,164,51,151,0,222,53,83,35,26,11,0,14,0,,816,42,60,166,124,75,349,71
"Census Tract 107.01, Davidson County, Tennessee",Percent,695,24.7%,22.6%,23.6%,7.3%,21.7%,(X),222,23.9%,37.4%,15.8%,11.7%,5.0%,0.0%,6.3%,(X),,816,5.1%,7.4%,20.3%,15.2%,9.2%,42.8%,(X)
"Census Tract 107.02, Davidson County, Tennessee",Estimate,243,142,25,9,0,67,0,81,19,42,14,6,0,0,0,0,,"1,207",109,278,91,225,7,497,47
"Census Tract 107.02, Davidson County, Tennessee",Percent,243,58.4%,10.3%,3.7%,0.0%,27.6%,(X),81,23.5%,51.9%,17.3%,7.4%,0.0%,0.0%,0.0%,(X),,"1,207",9.0%,23.0%,7.5%,18.6%,0.6%,41.2%,(X)
"Census Tract 108.01, Davidson County, Tennessee",Estimate,772,129,107,108,124,304,0,395,206,65,65,25,12,0,22,0,,"1,204",110,237,250,33,128,446,67
"Census Tract 108.01, Davidson County, Tennessee",Percent,772,16.7%,13.9%,14.0%,16.1%,39.4%,(X),395,52.2%,16.5%,16.5%,6.3%,3.0%,0.0%,5.6%,(X),,"1,204",9.1%,19.7%,20.8%,2.7%,10.6%,37.0%,(X)
"Census Tract 108.02, Davidson County, Tennessee",Estimate,658,238,91,83,49,197,16,426,167,111,59,37,12,26,14,0,,356,0,61,13,38,0,244,46
"Census Tract 108.02, Davidson County, Tennessee",Percent,658,36.2%,13.8%,12.6%,7.4%,29.9%,(X),426,39.2%,26.1%,13.8%,8.7%,2.8%,6.1%,3.3%,(X),,356,0.0%,17.1%,3.7%,10.7%,0.0%,68.5%,(X)
"Census Tract 109.01, Davidson County, Tennessee",Estimate,478,209,52,49,78,90,0,266,121,50,52,7,15,0,21,0,,499,16,12,134,21,43,273,16
"Census Tract 109.01, Davidson County, Tennessee",Percent,478,43.7%,10.9%,10.3%,16.3%,18.8%,(X),266,45.5%,18.8%,19.5%,2.6%,5.6%,0.0%,7.9%,(X),,499,3.2%,2.4%,26.9%,4.2%,8.6%,54.7%,(X)
"Census Tract 109.03, Davidson County, Tennessee",Estimate,808,203,171,127,50,257,0,100,86,14,0,0,0,0,0,0,,809,40,56,93,69,86,465,25
"Census Tract 109.03, Davidson County, Tennessee",Percent,808,25.1%,21.2%,15.7%,6.2%,31.8%,(X),100,86.0%,14.0%,0.0%,0.0%,0.0%,0.0%,0.0%,(X),,809,4.9%,6.9%,11.5%,8.5%,10.6%,57.5%,(X)
"Census Tract 109.04, Davidson County, Tennessee",Estimate,324,31,83,50,8,152,0,232,112,38,36,0,30,0,16,0,,586,0,26,118,123,59,260,14
"Census Tract 109.04, Davidson County, Tennessee",Percent,324,9.6%,25.6%,15.4%,2.5%,46.9%,(X),232,48.3%,16.4%,15.5%,0.0%,12.9%,0.0%,6.9%,(X),,586,0.0%,4.4%,20.1%,21.0%,10.1%,44.4%,(X)
"Census Tract 110.01, Davidson County, Tennessee",Estimate,732,162,92,112,26,340,0,401,83,57,73,50,46,20,72,0,,914,103,64,72,129,87,459,82
"Census Tract 110.01, Davidson County, Tennessee",Percent,732,22.1%,12.6%,15.3%,3.6%,46.4%,(X),401,20.7%,14.2%,18.2%,12.5%,11.5%,5.0%,18.0%,(X),,914,11.3%,7.0%,7.9%,14.1%,9.5%,50.2%,(X)
"Census Tract 110.02, Davidson County, Tennessee",Estimate,482,191,103,29,12,147,0,189,104,41,11,11,0,0,22,0,,483,26,57,105,16,54,225,15
"Census Tract 110.02, Davidson County, Tennessee",Percent,482,39.6%,21.4%,6.0%,2.5%,30.5%,(X),189,55.0%,21.7%,5.8%,5.8%,0.0%,0.0%,11.6%,(X),,483,5.4%,11.8%,21.7%,3.3%,11.2%,46.6%,(X)
"Census Tract 111, Davidson County, Tennessee",Estimate,864,312,123,177,108,144,0,407,166,99,56,37,10,10,29,0,,404,109,17,24,76,65,113,40
"Census Tract 111, Davidson County, Tennessee",Percent,864,36.1%,14.2%,20.5%,12.5%,16.7%,(X),407,40.8%,24.3%,13.8%,9.1%,2.5%,2.5%,7.1%,(X),,404,27.0%,4.2%,5.9%,18.8%,16.1%,28.0%,(X)
"Census Tract 112, Davidson County, Tennessee",Estimate,"1,069",302,225,112,127,303,0,336,94,81,73,33,24,31,0,0,,351,24,29,49,4,50,195,73
"Census Tract 112, Davidson County, Tennessee",Percent,"1,069",28.3%,21.0%,10.5%,11.9%,28.3%,(X),336,28.0%,24.1%,21.7%,9.8%,7.1%,9.2%,0.0%,(X),,351,6.8%,8.3%,14.0%,1.1%,14.2%,55.6%,(X)
"Census Tract 113, Davidson County, Tennessee",Estimate,816,164,84,86,65,417,0,257,32,71,23,47,35,33,16,0,,697,0,60,75,51,21,490,82
"Census Tract 113, Davidson County, Tennessee",Percent,816,20.1%,10.3%,10.5%,8.0%,51.1%,(X),257,12.5%,27.6%,8.9%,18.3%,13.6%,12.8%,6.2%,(X),,697,0.0%,8.6%,10.8%,7.3%,3.0%,70.3%,(X)
"Census Tract 114, Davidson County, Tennessee",Estimate,683,226,100,87,109,161,0,337,90,101,46,10,0,31,59,0,,"1,005",65,48,148,43,100,601,57
"Census Tract 114, Davidson County, Tennessee",Percent,683,33.1%,14.6%,12.7%,16.0%,23.6%,(X),337,26.7%,30.0%,13.6%,3.0%,0.0%,9.2%,17.5%,(X),,"1,005",6.5%,4.8%,14.7%,4.3%,10.0%,59.8%,(X)
"Census Tract 115, Davidson County, Tennessee",Estimate,896,260,172,151,17,296,0,395,204,62,31,21,11,19,47,0,,377,62,66,35,55,17,142,10
"Census Tract 115, Davidson County, Tennessee",Percent,896,29.0%,19.2%,16.9%,1.9%,33.0%,(X),395,51.6%,15.7%,7.8%,5.3%,2.8%,4.8%,11.9%,(X),,377,16.4%,17.5%,9.3%,14.6%,4.5%,37.7%,(X)
"Census Tract 116, Davidson County, Tennessee",Estimate,"1,237",442,304,68,108,315,0,423,135,100,68,28,0,0,92,0,,508,44,30,20,30,8,376,69
"Census Tract 116, Davidson County, Tennessee",Percent,"1,237",35.7%,24.6%,5.5%,8.7%,25.5%,(X),423,31.9%,23.6%,16.1%,6.6%,0.0%,0.0%,21.7%,(X),,508,8.7%,5.9%,3.9%,5.9%,1.6%,74.0%,(X)
"Census Tract 117, Davidson County, Tennessee",Estimate,877,201,122,165,191,198,0,266,82,117,54,0,0,0,13,0,,864,93,0,55,61,81,574,67
"Census Tract 117, Davidson County, Tennessee",Percent,877,22.9%,13.9%,18.8%,21.8%,22.6%,(X),266,30.8%,44.0%,20.3%,0.0%,0.0%,0.0%,4.9%,(X),,864,10.8%,0.0%,6.4%,7.1%,9.4%,66.4%,(X)
"Census Tract 118, Davidson County, Tennessee",Estimate,158,39,35,9,21,54,0,99,63,8,0,7,10,0,11,0,,606,20,66,48,9,72,391,51
"Census Tract 118, Davidson County, Tennessee",Percent,158,24.7%,22.2%,5.7%,13.3%,34.2%,(X),99,63.6%,8.1%,0.0%,7.1%,10.1%,0.0%,11.1%,(X),,606,3.3%,10.9%,7.9%,1.5%,11.9%,64.5%,(X)
"Census Tract 119, Davidson County, Tennessee",Estimate,179,37,17,11,46,68,0,100,5,76,9,10,0,0,0,0,,351,39,23,33,89,19,148,0
"Census Tract 119, Davidson County, Tennessee",Percent,179,20.7%,9.5%,6.1%,25.7%,38.0%,(X),100,5.0%,76.0%,9.0%,10.0%,0.0%,0.0%,0.0%,(X),,351,11.1%,6.6%,9.4%,25.4%,5.4%,42.2%,(X)
"Census Tract 121, Davidson County, Tennessee",Estimate,598,217,117,86,21,157,0,112,46,8,21,0,19,0,18,10,,479,50,58,114,77,11,169,35
"Census Tract 121, Davidson County, Tennessee",Percent,598,36.3%,19.6%,14.4%,3.5%,26.3%,(X),112,41.1%,7.1%,18.8%,0.0%,17.0%,0.0%,16.1%,(X),,479,10.4%,12.1%,23.8%,16.1%,2.3%,35.3%,(X)
"Census Tract 122, Davidson County, Tennessee",Estimate,639,243,73,66,79,178,10,126,54,17,29,7,0,0,19,0,,357,53,45,66,0,0,193,8
"Census Tract 122, Davidson County, Tennessee",Percent,639,38.0%,11.4%,10.3%,12.4%,27.9%,(X),126,42.9%,13.5%,23.0%,5.6%,0.0%,0.0%,15.1%,(X),,357,14.8%,12.6%,18.5%,0.0%,0.0%,54.1%,(X)
"Census Tract 126, Davidson County, Tennessee",Estimate,170,26,0,0,22,122,0,44,27,12,0,0,5,0,0,0,,436,54,25,95,80,23,159,46
"Census Tract 126, Davidson County, Tennessee",Percent,170,15.3%,0.0%,0.0%,12.9%,71.8%,(X),44,61.4%,27.3%,0.0%,0.0%,11.4%,0.0%,0.0%,(X),,436,12.4%,5.7%,21.8%,18.3%,5.3%,36.5%,(X)
"Census Tract 127.01, Davidson County, Tennessee",Estimate,912,246,115,109,113,329,13,287,135,67,23,19,29,14,0,0,,766,65,41,49,115,67,429,58
"Census Tract 127.01, Davidson County, Tennessee",Percent,912,27.0%,12.6%,12.0%,12.4%,36.1%,(X),287,47.0%,23.3%,8.0%,6.6%,10.1%,4.9%,0.0%,(X),,766,8.5%,5.4%,6.4%,15.0%,8.7%,56.0%,(X)
"Census Tract 127.02, Davidson County, Tennessee",Estimate,485,170,85,133,29,68,0,209,31,71,35,13,37,22,0,0,,164,13,0,2,0,58,91,0
"Census Tract 127.02, Davidson County, Tennessee",Percent,485,35.1%,17.5%,27.4%,6.0%,14.0%,(X),209,14.8%,34.0%,16.7%,6.2%,17.7%,10.5%,0.0%,(X),,164,7.9%,0.0%,1.2%,0.0%,35.4%,55.5%,(X)
"Census Tract 128.01, Davidson County, Tennessee",Estimate,918,314,111,64,89,340,0,467,185,60,142,16,21,18,25,0,,679,62,33,115,111,120,238,0
"Census Tract 128.01, Davidson County, Tennessee",Percent,918,34.2%,12.1%,7.0%,9.7%,37.0%,(X),467,39.6%,12.8%,30.4%,3.4%,4.5%,3.9%,5.4%,(X),,679,9.1%,4.9%,16.9%,16.3%,17.7%,35.1%,(X)
"Census Tract 128.02, Davidson County, Tennessee",Estimate,473,78,134,66,79,116,0,328,186,38,54,12,0,7,31,7,,245,88,0,0,29,47,81,33
"Census Tract 128.02, Davidson County, Tennessee",Percent,473,16.5%,28.3%,14.0%,16.7%,24.5%,(X),328,56.7%,11.6%,16.5%,3.7%,0.0%,2.1%,9.5%,(X),,245,35.9%,0.0%,0.0%,11.8%,19.2%,33.1%,(X)
"Census Tract 130, Davidson County, Tennessee",Estimate,0,0,0,0,0,0,0,0,0,0,0,0,0,0,0,0,,0,0,0,0,0,0,0,0
"Census Tract 130, Davidson County, Tennessee",Percent,0,-,-,-,-,-,(X),0,-,-,-,-,-,-,-,(X),,0,-,-,-,-,-,-,(X)
"Census Tract 131, Davidson County, Tennessee",Estimate,382,146,77,81,25,53,0,273,150,12,40,16,16,39,0,12,,150,0,11,0,8,25,106,26
"Census Tract 131, Davidson County, Tennessee",Percent,382,38.2%,20.2%,21.2%,6.5%,13.9%,(X),273,54.9%,4.4%,14.7%,5.9%,5.9%,14.3%,0.0%,(X),,150,0.0%,7.3%,0.0%,5.3%,16.7%,70.7%,(X)
"Census Tract 132.01, Davidson County, Tennessee",Estimate,576,225,98,60,68,125,0,284,92,89,79,12,0,0,12,0,,389,23,46,113,60,55,92,12
"Census Tract 132.01, Davidson County, Tennessee",Percent,576,39.1%,17.0%,10.4%,11.8%,21.7%,(X),284,32.4%,31.3%,27.8%,4.2%,0.0%,0.0%,4.2%,(X),,389,5.9%,11.8%,29.0%,15.4%,14.1%,23.7%,(X)
"Census Tract 132.02, Davidson County, Tennessee",Estimate,569,204,109,44,74,138,13,196,73,46,26,12,0,0,39,0,,415,37,67,58,97,38,118,25
"Census Tract 132.02, Davidson County, Tennessee",Percent,569,35.9%,19.2%,7.7%,13.0%,24.3%,(X),196,37.2%,23.5%,13.3%,6.1%,0.0%,0.0%,19.9%,(X),,415,8.9%,16.1%,14.0%,23.4%,9.2%,28.4%,(X)
"Census Tract 133, Davidson County, Tennessee",Estimate,466,86,96,10,81,193,0,325,185,35,27,9,10,28,31,0,,734,49,46,192,84,72,291,31
"Census Tract 133, Davidson County, Tennessee",Percent,466,18.5%,20.6%,2.1%,17.4%,41.4%,(X),325,56.9%,10.8%,8.3%,2.8%,3.1%,8.6%,9.5%,(X),,734,6.7%,6.3%,26.2%,11.4%,9.8%,39.6%,(X)
"Census Tract 134, Davidson County, Tennessee",Estimate,905,288,86,77,116,338,0,302,107,84,21,20,23,13,34,0,,549,90,107,108,112,21,111,24
"Census Tract 134, Davidson County, Tennessee",Percent,905,31.8%,9.5%,8.5%,12.8%,37.3%,(X),302,35.4%,27.8%,7.0%,6.6%,7.6%,4.3%,11.3%,(X),,549,16.4%,19.5%,19.7%,20.4%,3.8%,20.2%,(X)
"Census Tract 135, Davidson County, Tennessee",Estimate,408,172,67,22,35,112,0,45,32,13,0,0,0,0,0,0,,429,0,50,46,13,37,283,77
"Census Tract 135, Davidson County, Tennessee",Percent,408,42.2%,16.4%,5.4%,8.6%,27.5%,(X),45,71.1%,28.9%,0.0%,0.0%,0.0%,0.0%,0.0%,(X),,429,0.0%,11.7%,10.7%,3.0%,8.6%,66.0%,(X)
"Census Tract 136.01, Davidson County, Tennessee",Estimate,114,22,33,0,8,51,0,173,42,24,31,12,6,0,58,0,,861,62,85,169,124,11,410,73
"Census Tract 136.01, Davidson County, Tennessee",Percent,114,19.3%,28.9%,0.0%,7.0%,44.7%,(X),173,24.3%,13.9%,17.9%,6.9%,3.5%,0.0%,33.5%,(X),,861,7.2%,9.9%,19.6%,14.4%,1.3%,47.6%,(X)
"Census Tract 136.02, Davidson County, Tennessee",Estimate,10,0,0,0,0,10,0,0,0,0,0,0,0,0,0,0,,260,10,28,0,50,30,142,0
"Census Tract 136.02, Davidson County, Tennessee",Percent,10,0.0%,0.0%,0.0%,0.0%,100.0%,(X),0,-,-,-,-,-,-,-,(X),,260,3.8%,10.8%,0.0%,19.2%,11.5%,54.6%,(X)
"Census Tract 137, Davidson County, Tennessee",Estimate,472,86,41,23,111,211,0,174,50,54,18,11,11,4,26,0,,"1,427",182,43,191,229,121,661,185
"Census Tract 137, Davidson County, Tennessee",Percent,472,18.2%,8.7%,4.9%,23.5%,44.7%,(X),174,28.7%,31.0%,10.3%,6.3%,6.3%,2.3%,14.9%,(X),,"1,427",12.8%,3.0%,13.4%,16.0%,8.5%,46.3%,(X)
"Census Tract 138, Davidson County, Tennessee",Estimate,233,58,10,58,8,99,0,145,13,22,42,18,40,0,10,9,,280,0,0,56,0,17,207,43
"Census Tract 138, Davidson County, Tennessee",Percent,233,24.9%,4.3%,24.9%,3.4%,42.5%,(X),145,9.0%,15.2%,29.0%,12.4%,27.6%,0.0%,6.9%,(X),,280,0.0%,0.0%,20.0%,0.0%,6.1%,73.9%,(X)
"Census Tract 139, Davidson County, Tennessee",Estimate,169,31,10,5,82,41,0,82,25,0,0,0,28,0,29,20,,370,13,51,3,100,78,125,51
"Census Tract 139, Davidson County, Tennessee",Percent,169,18.3%,5.9%,3.0%,48.5%,24.3%,(X),82,30.5%,0.0%,0.0%,0.0%,34.1%,0.0%,35.4%,(X),,370,3.5%,13.8%,0.8%,27.0%,21.1%,33.8%,(X)
"Census Tract 142, Davidson County, Tennessee",Estimate,66,0,0,19,0,47,0,45,17,0,0,0,0,20,8,0,,801,85,28,136,66,31,455,25
"Census Tract 142, Davidson County, Tennessee",Percent,66,0.0%,0.0%,28.8%,0.0%,71.2%,(X),45,37.8%,0.0%,0.0%,0.0%,0.0%,44.4%,17.8%,(X),,801,10.6%,3.5%,17.0%,8.2%,3.9%,56.8%,(X)
"Census Tract 143, Davidson County, Tennessee",Estimate,260,58,26,36,78,62,0,77,15,24,0,4,13,0,21,0,,475,50,0,28,38,70,289,0
"Census Tract 143, Davidson County, Tennessee",Percent,260,22.3%,10.0%,13.8%,30.0%,23.8%,(X),77,19.5%,31.2%,0.0%,5.2%,16.9%,0.0%,27.3%,(X),,475,10.5%,0.0%,5.9%,8.0%,14.7%,60.8%,(X)
"Census Tract 144, Davidson County, Tennessee",Estimate,0,0,0,0,0,0,0,0,0,0,0,0,0,0,0,0,,236,55,25,23,37,9,87,59
"Census Tract 144, Davidson County, Tennessee",Percent,0,-,-,-,-,-,(X),0,-,-,-,-,-,-,-,(X),,236,23.3%,10.6%,9.7%,15.7%,3.8%,36.9%,(X)
"Census Tract 148, Davidson County, Tennessee",Estimate,7,0,0,0,0,7,0,16,0,6,10,0,0,0,0,0,,828,235,38,32,121,29,373,93
"Census Tract 148, Davidson County, Tennessee",Percent,7,0.0%,0.0%,0.0%,0.0%,100.0%,(X),16,0.0%,37.5%,62.5%,0.0%,0.0%,0.0%,0.0%,(X),,828,28.4%,4.6%,3.9%,14.6%,3.5%,45.0%,(X)
"Census Tract 151, Davidson County, Tennessee",Estimate,851,344,84,72,112,239,0,440,160,103,61,40,9,9,58,0,,507,50,96,37,105,0,219,20
"Census Tract 151, Davidson County, Tennessee",Percent,851,40.4%,9.9%,8.5%,13.2%,28.1%,(X),440,36.4%,23.4%,13.9%,9.1%,2.0%,2.0%,13.2%,(X),,507,9.9%,18.9%,7.3%,20.7%,0.0%,43.2%,(X)
"Census Tract 152, Davidson County, Tennessee",Estimate,538,143,176,98,35,86,0,348,118,43,70,33,9,21,54,0,,282,20,64,24,35,15,124,15
"Census Tract 152, Davidson County, Tennessee",Percent,538,26.6%,32.7%,18.2%,6.5%,16.0%,(X),348,33.9%,12.4%,20.1%,9.5%,2.6%,6.0%,15.5%,(X),,282,7.1%,22.7%,8.5%,12.4%,5.3%,44.0%,(X)
"Census Tract 153, Davidson County, Tennessee",Estimate,"1,491",441,445,202,71,332,0,765,352,117,146,43,28,16,63,0,,276,34,33,57,12,0,140,34
"Census Tract 153, Davidson County, Tennessee",Percent,"1,491",29.6%,29.8%,13.5%,4.8%,22.3%,(X),765,46.0%,15.3%,19.1%,5.6%,3.7%,2.1%,8.2%,(X),,276,12.3%,12.0%,20.7%,4.3%,0.0%,50.7%,(X)
"Census Tract 154.01, Davidson County, Tennessee",Estimate,"1,295",590,257,126,35,287,12,587,276,68,108,37,68,13,17,0,,459,87,83,64,33,66,126,26
"Census Tract 154.01, Davidson County, Tennessee",Percent,"1,295",45.6%,19.8%,9.7%,2.7%,22.2%,(X),587,47.0%,11.6%,18.4%,6.3%,11.6%,2.2%,2.9%,(X),,459,19.0%,18.1%,13.9%,7.2%,14.4%,27.5%,(X)
"Census Tract 154.02, Davidson County, Tennessee",Estimate,828,227,157,156,61,227,8,371,148,112,26,34,0,0,51,15,,421,11,9,94,88,89,130,35
"Census Tract 154.02, Davidson County, Tennessee",Percent,828,27.4%,19.0%,18.8%,7.4%,27.4%,(X),371,39.9%,30.2%,7.0%,9.2%,0.0%,0.0%,13.7%,(X),,421,2.6%,2.1%,22.3%,20.9%,21.1%,30.9%,(X)
"Census Tract 154.04, Davidson County, Tennessee",Estimate,459,206,116,81,11,45,0,343,176,75,65,0,0,0,27,0,,740,46,45,72,105,46,426,16
"Census Tract 154.04, Davidson County, Tennessee",Percent,459,44.9%,25.3%,17.6%,2.4%,9.8%,(X),343,51.3%,21.9%,19.0%,0.0%,0.0%,0.0%,7.9%,(X),,740,6.2%,6.1%,9.7%,14.2%,6.2%,57.6%,(X)
"Census Tract 154.05, Davidson County, Tennessee",Estimate,"1,104",529,88,126,100,261,0,177,124,15,13,13,0,12,0,0,,489,43,43,43,33,80,247,0
"Census Tract 154.05, Davidson County, Tennessee",Percent,"1,104",47.9%,8.0%,11.4%,9.1%,23.6%,(X),177,70.1%,8.5%,7.3%,7.3%,0.0%,6.8%,0.0%,(X),,489,8.8%,8.8%,8.8%,6.7%,16.4%,50.5%,(X)
"Census Tract 155.01, Davidson County, Tennessee",Estimate,452,188,106,74,51,33,0,137,62,31,21,11,0,12,0,0,,"1,045",125,177,200,78,37,428,40
"Census Tract 155.01, Davidson County, Tennessee",Percent,452,41.6%,23.5%,16.4%,11.3%,7.3%,(X),137,45.3%,22.6%,15.3%,8.0%,0.0%,8.8%,0.0%,(X),,"1,045",12.0%,16.9%,19.1%,7.5%,3.5%,41.0%,(X)
"Census Tract 155.02, Davidson County, Tennessee",Estimate,706,366,173,46,32,89,23,466,198,99,62,43,0,31,33,6,,764,103,125,162,32,69,273,10
"Census Tract 155.02, Davidson County, Tennessee",Percent,706,51.8%,24.5%,6.5%,4.5%,12.6%,(X),466,42.5%,21.2%,13.3%,9.2%,0.0%,6.7%,7.1%,(X),,764,13.5%,16.4%,21.2%,4.2%,9.0%,35.7%,(X)
"Census Tract 156.09, Davidson County, Tennessee",Estimate,309,129,18,65,20,77,6,129,88,0,0,0,0,0,41,0,,"1,428",293,245,173,180,166,371,40
"Census Tract 156.09, Davidson County, Tennessee",Percent,309,41.7%,5.8%,21.0%,6.5%,24.9%,(X),129,68.2%,0.0%,0.0%,0.0%,0.0%,0.0%,31.8%,(X),,"1,428",20.5%,17.2%,12.1%,12.6%,11.6%,26.0%,(X)
"Census Tract 156.10, Davidson County, Tennessee",Estimate,"1,539",658,289,125,120,347,0,282,210,11,34,0,11,0,16,10,,"1,586",206,424,294,112,200,350,50
"Census Tract 156.10, Davidson County, Tennessee",Percent,"1,539",42.8%,18.8%,8.1%,7.8%,22.5%,(X),282,74.5%,3.9%,12.1%,0.0%,3.9%,0.0%,5.7%,(X),,"1,586",13.0%,26.7%,18.5%,7.1%,12.6%,22.1%,(X)
"Census Tract 156.12, Davidson County, Tennessee",Estimate,956,347,157,100,89,263,0,155,69,22,30,22,12,0,0,0,,"2,073",225,147,221,624,118,738,17
"Census Tract 156.12, Davidson County, Tennessee",Percent,956,36.3%,16.4%,10.5%,9.3%,27.5%,(X),155,44.5%,14.2%,19.4%,14.2%,7.7%,0.0%,0.0%,(X),,"2,073",10.9%,7.1%,10.7%,30.1%,5.7%,35.6%,(X)
"Census Tract 156.13, Davidson County, Tennessee",Estimate,264,99,25,25,18,97,0,147,94,23,12,7,11,0,0,0,,"1,229",109,171,138,160,124,527,9
"Census Tract 156.13, Davidson County, Tennessee",Percent,264,37.5%,9.5%,9.5%,6.8%,36.7%,(X),147,63.9%,15.6%,8.2%,4.8%,7.5%,0.0%,0.0%,(X),,"1,229",8.9%,13.9%,11.2%,13.0%,10.1%,42.9%,(X)
"Census Tract 156.14, Davidson County, Tennessee",Estimate,770,247,114,198,34,177,0,122,76,30,16,0,0,0,0,0,,579,128,27,86,49,68,221,0
"Census Tract 156.14, Davidson County, Tennessee",Percent,770,32.1%,14.8%,25.7%,4.4%,23.0%,(X),122,62.3%,24.6%,13.1%,0.0%,0.0%,0.0%,0.0%,(X),,579,22.1%,4.7%,14.9%,8.5%,11.7%,38.2%,(X)
"Census Tract 156.15, Davidson County, Tennessee",Estimate,522,192,61,95,41,133,0,210,98,12,35,0,48,9,8,19,,735,50,70,72,161,75,307,45
"Census Tract 156.15, Davidson County, Tennessee",Percent,522,36.8%,11.7%,18.2%,7.9%,25.5%,(X),210,46.7%,5.7%,16.7%,0.0%,22.9%,4.3%,3.8%,(X),,735,6.8%,9.5%,9.8%,21.9%,10.2%,41.8%,(X)
"Census Tract 156.17, Davidson County, Tennessee",Estimate,757,271,125,94,132,135,8,203,88,42,42,0,0,0,31,0,,99,48,0,0,26,0,25,0
"Census Tract 156.17, Davidson County, Tennessee",Percent,757,35.8%,16.5%,12.4%,17.4%,17.8%,(X),203,43.3%,20.7%,20.7%,0.0%,0.0%,0.0%,15.3%,(X),,99,48.5%,0.0%,0.0%,26.3%,0.0%,25.3%,(X)
"Census Tract 156.18, Davidson County, Tennessee",Estimate,"1,363",530,160,214,115,344,0,235,128,69,20,18,0,0,0,0,,591,80,30,93,110,63,215,0
"Census Tract 156.18, Davidson County, Tennessee",Percent,"1,363",38.9%,11.7%,15.7%,8.4%,25.2%,(X),235,54.5%,29.4%,8.5%,7.7%,0.0%,0.0%,0.0%,(X),,591,13.5%,5.1%,15.7%,18.6%,10.7%,36.4%,(X)
"Census Tract 156.19, Davidson County, Tennessee",Estimate,"1,573",484,252,280,176,381,0,163,93,33,25,0,12,0,0,0,,82,8,0,0,0,0,74,10
"Census Tract 156.19, Davidson County, Tennessee",Percent,"1,573",30.8%,16.0%,17.8%,11.2%,24.2%,(X),163,57.1%,20.2%,15.3%,0.0%,7.4%,0.0%,0.0%,(X),,82,9.8%,0.0%,0.0%,0.0%,0.0%,90.2%,(X)
"Census Tract 156.20, Davidson County, Tennessee",Estimate,"1,863",688,197,288,122,568,18,207,103,35,0,0,13,40,16,0,,340,14,13,0,46,57,210,18
"Census Tract 156.20, Davidson County, Tennessee",Percent,"1,863",36.9%,10.6%,15.5%,6.5%,30.5%,(X),207,49.8%,16.9%,0.0%,0.0%,6.3%,19.3%,7.7%,(X),,340,4.1%,3.8%,0.0%,13.5%,16.8%,61.8%,(X)
"Census Tract 156.22, Davidson County, Tennessee",Estimate,995,404,258,153,81,99,0,217,112,48,23,21,13,0,0,0,,176,0,61,34,13,0,68,0
"Census Tract 156.22, Davidson County, Tennessee",Percent,995,40.6%,25.9%,15.4%,8.1%,9.9%,(X),217,51.6%,22.1%,10.6%,9.7%,6.0%,0.0%,0.0%,(X),,176,0.0%,34.7%,19.3%,7.4%,0.0%,38.6%,(X)
"Census Tract 156.23, Davidson County, Tennessee",Estimate,965,497,134,117,96,121,0,219,129,62,0,19,0,0,9,0,,892,28,178,72,42,100,472,0
"Census Tract 156.23, Davidson County, Tennessee",Percent,965,51.5%,13.9%,12.1%,9.9%,12.5%,(X),219,58.9%,28.3%,0.0%,8.7%,0.0%,0.0%,4.1%,(X),,892,3.1%,20.0%,8.1%,4.7%,11.2%,52.9%,(X)
"Census Tract 156.24, Davidson County, Tennessee",Estimate,994,323,99,209,68,295,0,128,53,12,11,11,0,0,41,0,,896,62,95,183,173,43,340,0
"Census Tract 156.24, Davidson County, Tennessee",Percent,994,32.5%,10.0%,21.0%,6.8%,29.7%,(X),128,41.4%,9.4%,8.6%,8.6%,0.0%,0.0%,32.0%,(X),,896,6.9%,10.6%,20.4%,19.3%,4.8%,37.9%,(X)
"Census Tract 156.25, Davidson County, Tennessee",Estimate,"1,446",423,207,147,203,466,0,172,118,25,0,13,0,0,16,0,,607,164,121,110,8,20,184,41
"Census Tract 156.25, Davidson County, Tennessee",Percent,"1,446",29.3%,14.3%,10.2%,14.0%,32.2%,(X),172,68.6%,14.5%,0.0%,7.6%,0.0%,0.0%,9.3%,(X),,607,27.0%,19.9%,18.1%,1.3%,3.3%,30.3%,(X)
"Census Tract 156.26, Davidson County, Tennessee",Estimate,939,227,119,105,79,409,0,54,20,25,9,0,0,0,0,0,,"1,616",198,56,306,257,34,765,94
"Census Tract 156.26, Davidson County, Tennessee",Percent,939,24.2%,12.7%,11.2%,8.4%,43.6%,(X),54,37.0%,46.3%,16.7%,0.0%,0.0%,0.0%,0.0%,(X),,"1,616",12.3%,3.5%,18.9%,15.9%,2.1%,47.3%,(X)
"Census Tract 156.27, Davidson County, Tennessee",Estimate,637,86,140,50,46,315,0,216,127,28,26,24,0,0,11,12,,69,0,0,18,0,14,37,11
"Census Tract 156.27, Davidson County, Tennessee",Percent,637,13.5%,22.0%,7.8%,7.2%,49.5%,(X),216,58.8%,13.0%,12.0%,11.1%,0.0%,0.0%,5.1%,(X),,69,0.0%,0.0%,26.1%,0.0%,20.3%,53.6%,(X)
"Census Tract 156.28, Davidson County, Tennessee",Estimate,87,8,26,0,0,53,0,0,0,0,0,0,0,0,0,0,,"1,389",137,157,240,191,188,476,75
"Census Tract 156.28, Davidson County, Tennessee",Percent,87,9.2%,29.9%,0.0%,0.0%,60.9%,(X),0,-,-,-,-,-,-,-,(X),,"1,389",9.9%,11.3%,17.3%,13.8%,13.5%,34.3%,(X)
"Census Tract 156.29, Davidson County, Tennessee",Estimate,474,86,97,116,82,93,0,90,0,0,21,15,0,0,54,0,,"1,282",136,285,251,161,146,303,0
"Census Tract 156.29, Davidson County, Tennessee",Percent,474,18.1%,20.5%,24.5%,17.3%,19.6%,(X),90,0.0%,0.0%,23.3%,16.7%,0.0%,0.0%,60.0%,(X),,"1,282",10.6%,22.2%,19.6%,12.6%,11.4%,23.6%,(X)
"Census Tract 156.30, Davidson County, Tennessee",Estimate,772,223,37,211,144,157,0,44,25,0,0,8,0,0,11,0,,155,10,7,4,64,30,40,0
"Census Tract 156.30, Davidson County, Tennessee",Percent,772,28.9%,4.8%,27.3%,18.7%,20.3%,(X),44,56.8%,0.0%,0.0%,18.2%,0.0%,0.0%,25.0%,(X),,155,6.5%,4.5%,2.6%,41.3%,19.4%,25.8%,(X)
"Census Tract 156.31, Davidson County, Tennessee",Estimate,"2,059",528,333,324,234,640,0,274,127,72,10,15,15,22,13,0,,225,22,33,18,24,0,128,11
"Census Tract 156.31, Davidson County, Tennessee",Percent,"2,059",25.6%,16.2%,15.7%,11.4%,31.1%,(X),274,46.4%,26.3%,3.6%,5.5%,5.5%,8.0%,4.7%,(X),,225,9.8%,14.7%,8.0%,10.7%,0.0%,56.9%,(X)
"Census Tract 157, Davidson County, Tennessee",Estimate,359,117,31,12,59,140,0,112,70,0,21,0,0,11,10,0,,95,0,41,0,12,0,42,32
"Census Tract 157, Davidson County, Tennessee",Percent,359,32.6%,8.6%,3.3%,16.4%,39.0%,(X),112,62.5%,0.0%,18.8%,0.0%,0.0%,9.8%,8.9%,(X),,95,0.0%,43.2%,0.0%,12.6%,0.0%,44.2%,(X)
"Census Tract 158.02, Davidson County, Tennessee",Estimate,365,139,0,51,40,135,52,298,116,49,25,33,0,0,75,0,,"1,553",175,181,116,125,256,700,210
"Census Tract 158.02, Davidson County, Tennessee",Percent,365,38.1%,0.0%,14.0%,11.0%,37.0%,(X),298,38.9%,16.4%,8.4%,11.1%,0.0%,0.0%,25.2%,(X),,"1,553",11.3%,11.7%,7.5%,8.0%,16.5%,45.1%,(X)
"Census Tract 158.03, Davidson County, Tennessee",Estimate,70,33,0,0,0,37,0,32,7,0,0,0,8,0,17,0,,725,103,189,65,12,31,325,21
"Census Tract 158.03, Davidson County, Tennessee",Percent,70,47.1%,0.0%,0.0%,0.0%,52.9%,(X),32,21.9%,0.0%,0.0%,0.0%,25.0%,0.0%,53.1%,(X),,725,14.2%,26.1%,9.0%,1.7%,4.3%,44.8%,(X)
"Census Tract 158.04, Davidson County, Tennessee",Estimate,316,102,19,70,12,113,0,120,82,27,11,0,0,0,0,0,,"1,380",260,253,194,122,195,356,0
"Census Tract 158.04, Davidson County, Tennessee",Percent,316,32.3%,6.0%,22.2%,3.8%,35.8%,(X),120,68.3%,22.5%,9.2%,0.0%,0.0%,0.0%,0.0%,(X),,"1,380",18.8%,18.3%,14.1%,8.8%,14.1%,25.8%,(X)
"Census Tract 159, Davidson County, Tennessee",Estimate,244,85,47,0,12,100,0,32,19,5,8,0,0,0,0,0,,750,75,77,35,231,160,172,63
"Census Tract 159, Davidson County, Tennessee",Percent,244,34.8%,19.3%,0.0%,4.9%,41.0%,(X),32,59.4%,15.6%,25.0%,0.0%,0.0%,0.0%,0.0%,(X),,750,10.0%,10.3%,4.7%,30.8%,21.3%,22.9%,(X)
"Census Tract 160, Davidson County, Tennessee",Estimate,50,0,0,17,0,33,0,107,27,33,33,14,0,0,0,0,,148,0,8,6,35,0,99,7
"Census Tract 160, Davidson County, Tennessee",Percent,50,0.0%,0.0%,34.0%,0.0%,66.0%,(X),107,25.2%,30.8%,30.8%,13.1%,0.0%,0.0%,0.0%,(X),,148,0.0%,5.4%,4.1%,23.6%,0.0%,66.9%,(X)
"Census Tract 161, Davidson County, Tennessee",Estimate,167,61,40,8,11,47,0,58,9,24,17,0,0,0,8,0,,645,57,84,68,69,62,305,87
"Census Tract 161, Davidson County, Tennessee",Percent,167,36.5%,24.0%,4.8%,6.6%,28.1%,(X),58,15.5%,41.4%,29.3%,0.0%,0.0%,0.0%,13.8%,(X),,645,8.8%,13.0%,10.5%,10.7%,9.6%,47.3%,(X)
"Census Tract 162, Davidson County, Tennessee",Estimate,342,104,35,8,18,177,0,139,6,30,12,11,0,11,69,0,,949,81,58,158,162,141,349,10
"Census Tract 162, Davidson County, Tennessee",Percent,342,30.4%,10.2%,2.3%,5.3%,51.8%,(X),139,4.3%,21.6%,8.6%,7.9%,0.0%,7.9%,49.6%,(X),,949,8.5%,6.1%,16.6%,17.1%,14.9%,36.8%,(X)
"Census Tract 163, Davidson County, Tennessee",Estimate,194,49,7,6,33,99,0,84,60,0,0,17,0,0,7,0,,517,26,97,25,138,18,213,146
"Census Tract 163, Davidson County, Tennessee",Percent,194,25.3%,3.6%,3.1%,17.0%,51.0%,(X),84,71.4%,0.0%,0.0%,20.2%,0.0%,0.0%,8.3%,(X),,517,5.0%,18.8%,4.8%,26.7%,3.5%,41.2%,(X)
"Census Tract 164, Davidson County, Tennessee",Estimate,138,46,0,38,14,40,0,54,41,8,0,5,0,0,0,0,,591,56,14,69,94,41,317,23
"Census Tract 164, Davidson County, Tennessee",Percent,138,33.3%,0.0%,27.5%,10.1%,29.0%,(X),54,75.9%,14.8%,0.0%,9.3%,0.0%,0.0%,0.0%,(X),,591,9.5%,2.4%,11.7%,15.9%,6.9%,53.6%,(X)
"Census Tract 165, Davidson County, Tennessee",Estimate,0,0,0,0,0,0,0,0,0,0,0,0,0,0,0,0,,287,44,34,25,8,62,114,0
"Census Tract 165, Davidson County, Tennessee",Percent,0,-,-,-,-,-,(X),0,-,-,-,-,-,-,-,(X),,287,15.3%,11.8%,8.7%,2.8%,21.6%,39.7%,(X)
"Census Tract 166, Davidson County, Tennessee",Estimate,255,95,21,44,10,85,0,70,44,11,0,0,6,9,0,0,,"1,025",74,137,104,253,145,312,25
"Census Tract 166, Davidson County, Tennessee",Percent,255,37.3%,8.2%,17.3%,3.9%,33.3%,(X),70,62.9%,15.7%,0.0%,0.0%,8.6%,12.9%,0.0%,(X),,"1,025",7.2%,13.4%,10.1%,24.7%,14.1%,30.4%,(X)
"Census Tract 167, Davidson County, Tennessee",Estimate,958,281,159,104,190,224,15,583,265,75,34,66,16,34,93,0,,976,133,156,140,180,59,308,131
"Census Tract 167, Davidson County, Tennessee",Percent,958,29.3%,16.6%,10.9%,19.8%,23.4%,(X),583,45.5%,12.9%,5.8%,11.3%,2.7%,5.8%,16.0%,(X),,976,13.6%,16.0%,14.3%,18.4%,6.0%,31.6%,(X)
"Census Tract 168, Davidson County, Tennessee",Estimate,493,184,110,42,59,98,0,287,148,34,43,0,27,0,35,0,,"1,283",186,279,133,99,68,518,57
"Census Tract 168, Davidson County, Tennessee",Percent,493,37.3%,22.3%,8.5%,12.0%,19.9%,(X),287,51.6%,11.8%,15.0%,0.0%,9.4%,0.0%,12.2%,(X),,"1,283",14.5%,21.7%,10.4%,7.7%,5.3%,40.4%,(X)
"Census Tract 169, Davidson County, Tennessee",Estimate,980,296,214,103,51,316,15,263,165,70,16,12,0,0,0,21,,832,59,187,139,86,31,330,13
"Census Tract 169, Davidson County, Tennessee",Percent,980,30.2%,21.8%,10.5%,5.2%,32.2%,(X),263,62.7%,26.6%,6.1%,4.6%,0.0%,0.0%,0.0%,(X),,832,7.1%,22.5%,16.7%,10.3%,3.7%,39.7%,(X)
"Census Tract 170, Davidson County, Tennessee",Estimate,572,137,124,125,55,131,0,216,37,49,41,38,11,0,40,8,,312,10,69,33,8,12,180,26
"Census Tract 170, Davidson County, Tennessee",Percent,572,24.0%,21.7%,21.9%,9.6%,22.9%,(X),216,17.1%,22.7%,19.0%,17.6%,5.1%,0.0%,18.5%,(X),,312,3.2%,22.1%,10.6%,2.6%,3.8%,57.7%,(X)
"Census Tract 171, Davidson County, Tennessee",Estimate,406,189,39,46,37,95,0,141,25,51,20,13,3,0,29,0,,273,30,96,15,55,10,67,0
"Census Tract 171, Davidson County, Tennessee",Percent,406,46.6%,9.6%,11.3%,9.1%,23.4%,(X),141,17.7%,36.2%,14.2%,9.2%,2.1%,0.0%,20.6%,(X),,273,11.0%,35.2%,5.5%,20.1%,3.7%,24.5%,(X)
"Census Tract 172, Davidson County, Tennessee",Estimate,174,46,34,69,4,21,0,183,28,100,33,0,12,0,10,0,,254,36,31,12,14,42,119,13
"Census Tract 172, Davidson County, Tennessee",Percent,174,26.4%,19.5%,39.7%,2.3%,12.1%,(X),183,15.3%,54.6%,18.0%,0.0%,6.6%,0.0%,5.5%,(X),,254,14.2%,12.2%,4.7%,5.5%,16.5%,46.9%,(X)
"Census Tract 173, Davidson County, Tennessee",Estimate,558,108,64,32,113,241,0,137,53,43,11,21,0,0,9,22,,429,34,50,79,82,42,142,42
"Census Tract 173, Davidson County, Tennessee",Percent,558,19.4%,11.5%,5.7%,20.3%,43.2%,(X),137,38.7%,31.4%,8.0%,15.3%,0.0%,0.0%,6.6%,(X),,429,7.9%,11.7%,18.4%,19.1%,9.8%,33.1%,(X)
"Census Tract 174.01, Davidson County, Tennessee",Estimate,264,95,47,10,17,95,0,120,75,18,9,9,9,0,0,0,,463,0,155,71,30,39,168,9
"Census Tract 174.01, Davidson County, Tennessee",Percent,264,36.0%,17.8%,3.8%,6.4%,36.0%,(X),120,62.5%,15.0%,7.5%,7.5%,7.5%,0.0%,0.0%,(X),,463,0.0%,33.5%,15.3%,6.5%,8.4%,36.3%,(X)
"Census Tract 174.02, Davidson County, Tennessee",Estimate,683,278,63,36,61,245,11,309,95,99,15,17,52,15,16,0,,"1,434",75,268,255,123,188,525,73
"Census Tract 174.02, Davidson County, Tennessee",Percent,683,40.7%,9.2%,5.3%,8.9%,35.9%,(X),309,30.7%,32.0%,4.9%,5.5%,16.8%,4.9%,5.2%,(X),,"1,434",5.2%,18.7%,17.8%,8.6%,13.1%,36.6%,(X)
"Census Tract 175, Davidson County, Tennessee",Estimate,502,191,77,59,45,130,9,158,73,30,16,8,0,8,23,0,,469,41,69,27,78,44,210,61
"Census Tract 175, Davidson County, Tennessee",Percent,502,38.0%,15.3%,11.8%,9.0%,25.9%,(X),158,46.2%,19.0%,10.1%,5.1%,0.0%,5.1%,14.6%,(X),,469,8.7%,14.7%,5.8%,16.6%,9.4%,44.8%,(X)
"Census Tract 177.01, Davidson County, Tennessee",Estimate,619,238,32,61,88,200,0,202,94,43,26,0,13,0,26,0,,119,0,51,50,0,0,18,0
"Census Tract 177.01, Davidson County, Tennessee",Percent,619,38.4%,5.2%,9.9%,14.2%,32.3%,(X),202,46.5%,21.3%,12.9%,0.0%,6.4%,0.0%,12.9%,(X),,119,0.0%,42.9%,42.0%,0.0%,0.0%,15.1%,(X)
"Census Tract 177.02, Davidson County, Tennessee",Estimate,803,216,84,184,128,191,0,387,162,79,17,47,16,52,14,0,,374,70,61,43,18,11,171,43
"Census Tract 177.02, Davidson County, Tennessee",Percent,803,26.9%,10.5%,22.9%,15.9%,23.8%,(X),387,41.9%,20.4%,4.4%,12.1%,4.1%,13.4%,3.6%,(X),,374,18.7%,16.3%,11.5%,4.8%,2.9%,45.7%,(X)
"Census Tract 178, Davidson County, Tennessee",Estimate,"1,163",381,203,167,133,279,0,422,142,138,48,30,23,0,41,0,,"1,007",78,94,132,143,134,426,72
"Census Tract 178, Davidson County, Tennessee",Percent,"1,163",32.8%,17.5%,14.4%,11.4%,24.0%,(X),422,33.6%,32.7%,11.4%,7.1%,5.5%,0.0%,9.7%,(X),,"1,007",7.7%,9.3%,13.1%,14.2%,13.3%,42.3%,(X)
"Census Tract 179.01, Davidson County, Tennessee",Estimate,874,331,152,159,72,160,13,505,291,74,22,88,12,0,18,34,,568,27,55,147,25,11,303,14
"Census Tract 179.01, Davidson County, Tennessee",Percent,874,37.9%,17.4%,18.2%,8.2%,18.3%,(X),505,57.6%,14.7%,4.4%,17.4%,2.4%,0.0%,3.6%,(X),,568,4.8%,9.7%,25.9%,4.4%,1.9%,53.3%,(X)
"Census Tract 179.02, Davidson County, Tennessee",Estimate,"1,256",513,143,162,95,343,0,361,205,83,17,17,0,12,27,10,,685,25,120,68,220,0,252,53
"Census Tract 179.02, Davidson County, Tennessee",Percent,"1,256",40.8%,11.4%,12.9%,7.6%,27.3%,(X),361,56.8%,23.0%,4.7%,4.7%,0.0%,3.3%,7.5%,(X),,685,3.6%,17.5%,9.9%,32.1%,0.0%,36.8%,(X)
"Census Tract 180, Davidson County, Tennessee",Estimate,880,355,86,90,108,241,0,626,272,122,79,0,66,0,87,0,,797,15,122,163,109,33,355,36
"Census Tract 180, Davidson County, Tennessee",Percent,880,40.3%,9.8%,10.2%,12.3%,27.4%,(X),626,43.5%,19.5%,12.6%,0.0%,10.5%,0.0%,13.9%,(X),,797,1.9%,15.3%,20.5%,13.7%,4.1%,44.5%,(X)
"Census Tract 181.01, Davidson County, Tennessee",Estimate,400,176,79,33,38,74,14,183,56,81,46,0,0,0,0,0,,"1,470",175,194,210,115,239,537,98
"Census Tract 181.01, Davidson County, Tennessee",Percent,400,44.0%,19.8%,8.3%,9.5%,18.5%,(X),183,30.6%,44.3%,25.1%,0.0%,0.0%,0.0%,0.0%,(X),,"1,470",11.9%,13.2%,14.3%,7.8%,16.3%,36.5%,(X)
"Census Tract 181.02, Davidson County, Tennessee",Estimate,741,384,104,48,83,122,14,383,186,84,24,15,39,0,35,0,,565,10,64,46,69,58,318,53
"Census Tract 181.02, Davidson County, Tennessee",Percent,741,51.8%,14.0%,6.5%,11.2%,16.5%,(X),383,48.6%,21.9%,6.3%,3.9%,10.2%,0.0%,9.1%,(X),,565,1.8%,11.3%,8.1%,12.2%,10.3%,56.3%,(X)
"Census Tract 182.01, Davidson County, Tennessee",Estimate,600,285,45,74,74,122,0,426,257,64,24,29,7,8,37,0,,246,0,65,0,41,0,140,29
"Census Tract 182.01, Davidson County, Tennessee",Percent,600,47.5%,7.5%,12.3%,12.3%,20.3%,(X),426,60.3%,15.0%,5.6%,6.8%,1.6%,1.9%,8.7%,(X),,246,0.0%,26.4%,0.0%,16.7%,0.0%,56.9%,(X)
"Census Tract 182.02, Davidson County, Tennessee",Estimate,712,264,114,112,38,184,0,347,141,73,18,28,16,29,42,13,,"2,043",286,316,178,276,176,811,106
"Census Tract 182.02, Davidson County, Tennessee",Percent,712,37.1%,16.0%,15.7%,5.3%,25.8%,(X),347,40.6%,21.0%,5.2%,8.1%,4.6%,8.4%,12.1%,(X),,"2,043",14.0%,15.5%,8.7%,13.5%,8.6%,39.7%,(X)
"Census Tract 182.03, Davidson County, Tennessee",Estimate,362,142,112,18,0,90,0,165,68,49,45,0,0,3,0,0,,28,0,0,0,0,18,10,0
"Census Tract 182.03, Davidson County, Tennessee",Percent,362,39.2%,30.9%,5.0%,0.0%,24.9%,(X),165,41.2%,29.7%,27.3%,0.0%,0.0%,1.8%,0.0%,(X),,28,0.0%,0.0%,0.0%,0.0%,64.3%,35.7%,(X)
"Census Tract 183.01, Davidson County, Tennessee",Estimate,"1,341",539,156,247,100,299,0,664,186,163,119,0,86,14,96,0,,614,72,150,100,22,72,198,30
"Census Tract 183.01, Davidson County, Tennessee",Percent,"1,341",40.2%,11.6%,18.4%,7.5%,22.3%,(X),664,28.0%,24.5%,17.9%,0.0%,13.0%,2.1%,14.5%,(X),,614,11.7%,24.4%,16.3%,3.6%,11.7%,32.2%,(X)
"Census Tract 183.02, Davidson County, Tennessee",Estimate,868,263,188,131,87,199,0,130,61,19,15,13,0,0,22,0,,65,0,0,0,54,0,11,0
"Census Tract 183.02, Davidson County, Tennessee",Percent,868,30.3%,21.7%,15.1%,10.0%,22.9%,(X),130,46.9%,14.6%,11.5%,10.0%,0.0%,0.0%,16.9%,(X),,65,0.0%,0.0%,0.0%,83.1%,0.0%,16.9%,(X)
"Census Tract 184.01, Davidson County, Tennessee",Estimate,"1,025",380,273,60,32,280,0,343,147,46,59,20,28,0,43,0,,"1,399",13,193,306,201,62,624,83
"Census Tract 184.01, Davidson County, Tennessee",Percent,"1,025",37.1%,26.6%,5.9%,3.1%,27.3%,(X),343,42.9%,13.4%,17.2%,5.8%,8.2%,0.0%,12.5%,(X),,"1,399",0.9%,13.8%,21.9%,14.4%,4.4%,44.6%,(X)
"Census Tract 184.04, Davidson County, Tennessee",Estimate,835,308,40,108,35,344,0,405,147,107,15,15,0,59,62,0,,"1,073",121,137,247,135,54,379,55
"Census Tract 184.04, Davidson County, Tennessee",Percent,835,36.9%,4.8%,12.9%,4.2%,41.2%,(X),405,36.3%,26.4%,3.7%,3.7%,0.0%,14.6%,15.3%,(X),,"1,073",11.3%,12.8%,23.0%,12.6%,5.0%,35.3%,(X)
"Census Tract 184.05, Davidson County, Tennessee",Estimate,"1,338",693,231,161,93,160,0,409,265,20,51,54,0,0,19,0,,192,23,33,42,24,22,48,0
"Census Tract 184.05, Davidson County, Tennessee",Percent,"1,338",51.8%,17.3%,12.0%,7.0%,12.0%,(X),409,64.8%,4.9%,12.5%,13.2%,0.0%,0.0%,4.6%,(X),,192,12.0%,17.2%,21.9%,12.5%,11.5%,25.0%,(X)
"Census Tract 184.07, Davidson County, Tennessee",Estimate,"1,112",536,160,148,99,169,0,172,112,23,9,20,8,0,0,10,,14,0,0,0,0,0,14,0
"Census Tract 184.07, Davidson County, Tennessee",Percent,"1,112",48.2%,14.4%,13.3%,8.9%,15.2%,(X),172,65.1%,13.4%,5.2%,11.6%,4.7%,0.0%,0.0%,(X),,14,0.0%,0.0%,0.0%,0.0%,0.0%,100.0%,(X)
"Census Tract 184.08, Davidson County, Tennessee",Estimate,979,399,237,142,77,124,0,211,113,53,0,13,21,0,11,0,,18,0,18,0,0,0,0,0
"Census Tract 184.08, Davidson County, Tennessee",Percent,979,40.8%,24.2%,14.5%,7.9%,12.7%,(X),211,53.6%,25.1%,0.0%,6.2%,10.0%,0.0%,5.2%,(X),,18,0.0%,100.0%,0.0%,0.0%,0.0%,0.0%,(X)
"Census Tract 184.09, Davidson County, Tennessee",Estimate,"1,062",305,122,159,135,341,6,691,199,115,79,137,63,15,83,29,,238,75,0,51,7,0,105,59
"Census Tract 184.09, Davidson County, Tennessee",Percent,"1,062",28.7%,11.5%,15.0%,12.7%,32.1%,(X),691,28.8%,16.6%,11.4%,19.8%,9.1%,2.2%,12.0%,(X),,238,31.5%,0.0%,21.4%,2.9%,0.0%,44.1%,(X)
"Census Tract 184.10, Davidson County, Tennessee",Estimate,521,196,79,42,52,152,0,127,32,24,12,0,11,12,36,13,,911,69,195,105,159,73,310,54
"Census Tract 184.10, Davidson County, Tennessee",Percent,521,37.6%,15.2%,8.1%,10.0%,29.2%,(X),127,25.2%,18.9%,9.4%,0.0%,8.7%,9.4%,28.3%,(X),,911,7.6%,21.4%,11.5%,17.5%,8.0%,34.0%,(X)
"Census Tract 185, Davidson County, Tennessee",Estimate,"1,088",433,133,115,112,295,0,749,297,122,91,70,36,24,109,0,,268,122,16,52,0,52,26,0
"Census Tract 185, Davidson County, Tennessee",Percent,"1,088",39.8%,12.2%,10.6%,10.3%,27.1%,(X),749,39.7%,16.3%,12.1%,9.3%,4.8%,3.2%,14.6%,(X),,268,45.5%,6.0%,19.4%,0.0%,19.4%,9.7%,(X)
"Census Tract 186.01, Davidson County, Tennessee",Estimate,508,258,87,46,11,106,0,263,122,39,13,14,28,0,47,16,,21,0,0,0,0,21,0,10
"Census Tract 186.01, Davidson County, Tennessee",Percent,508,50.8%,17.1%,9.1%,2.2%,20.9%,(X),263,46.4%,14.8%,4.9%,5.3%,10.6%,0.0%,17.9%,(X),,21,0.0%,0.0%,0.0%,0.0%,100.0%,0.0%,(X)
"Census Tract 186.02, Davidson County, Tennessee",Estimate,972,460,101,93,33,285,0,529,311,50,52,10,21,11,74,0,,11,11,0,0,0,0,0,0
"Census Tract 186.02, Davidson County, Tennessee",Percent,972,47.3%,10.4%,9.6%,3.4%,29.3%,(X),529,58.8%,9.5%,9.8%,1.9%,4.0%,2.1%,14.0%,(X),,11,100.0%,0.0%,0.0%,0.0%,0.0%,0.0%,(X)
"Census Tract 187, Davidson County, Tennessee",Estimate,616,270,87,80,10,169,6,535,298,100,21,60,27,0,29,0,,118,55,0,15,48,0,0,43
"Census Tract 187, Davidson County, Tennessee",Percent,616,43.8%,14.1%,13.0%,1.6%,27.4%,(X),535,55.7%,18.7%,3.9%,11.2%,5.0%,0.0%,5.4%,(X),,118,46.6%,0.0%,12.7%,40.7%,0.0%,0.0%,(X)
"Census Tract 188.01, Davidson County, Tennessee",Estimate,"1,123",497,165,114,103,244,0,713,342,130,114,74,0,0,53,50,,599,143,183,55,63,28,127,8
"Census Tract 188.01, Davidson County, Tennessee",Percent,"1,123",44.3%,14.7%,10.2%,9.2%,21.7%,(X),713,48.0%,18.2%,16.0%,10.4%,0.0%,0.0%,7.4%,(X),,599,23.9%,30.6%,9.2%,10.5%,4.7%,21.2%,(X)
"Census Tract 188.03, Davidson County, Tennessee",Estimate,630,272,95,109,46,108,0,418,283,15,43,0,32,7,38,0,,586,66,81,222,31,39,147,45
"Census Tract 188.03, Davidson County, Tennessee",Percent,630,43.2%,15.1%,17.3%,7.3%,17.1%,(X),418,67.7%,3.6%,10.3%,0.0%,7.7%,1.7%,9.1%,(X),,586,11.3%,13.8%,37.9%,5.3%,6.7%,25.1%,(X)
"Census Tract 188.04, Davidson County, Tennessee",Estimate,"1,402",635,210,199,127,231,0,440,238,54,54,13,9,49,23,15,,153,17,11,47,0,11,67,0
"Census Tract 188.04, Davidson County, Tennessee",Percent,"1,402",45.3%,15.0%,14.2%,9.1%,16.5%,(X),440,54.1%,12.3%,12.3%,3.0%,2.0%,11.1%,5.2%,(X),,153,11.1%,7.2%,30.7%,0.0%,7.2%,43.8%,(X)
"Census Tract 189.01, Davidson County, Tennessee",Estimate,416,207,67,46,55,41,0,147,46,70,31,0,0,0,0,0,,679,84,93,91,36,20,355,39
"Census Tract 189.01, Davidson County, Tennessee",Percent,416,49.8%,16.1%,11.1%,13.2%,9.9%,(X),147,31.3%,47.6%,21.1%,0.0%,0.0%,0.0%,0.0%,(X),,679,12.4%,13.7%,13.4%,5.3%,2.9%,52.3%,(X)
"Census Tract 189.02, Davidson County, Tennessee",Estimate,397,183,96,35,18,65,0,251,137,35,50,24,5,0,0,7,,433,26,57,32,134,26,158,8
"Census Tract 189.02, Davidson County, Tennessee",Percent,397,46.1%,24.2%,8.8%,4.5%,16.4%,(X),251,54.6%,13.9%,19.9%,9.6%,2.0%,0.0%,0.0%,(X),,433,6.0%,13.2%,7.4%,30.9%,6.0%,36.5%,(X)
"Census Tract 189.04, Davidson County, Tennessee",Estimate,323,113,45,37,23,105,0,280,126,68,45,14,0,14,13,0,,844,45,110,71,66,60,492,143
"Census Tract 189.04, Davidson County, Tennessee",Percent,323,35.0%,13.9%,11.5%,7.1%,32.5%,(X),280,45.0%,24.3%,16.1%,5.0%,0.0%,5.0%,4.6%,(X),,844,5.3%,13.0%,8.4%,7.8%,7.1%,58.3%,(X)
"Census Tract 189.05, Davidson County, Tennessee",Estimate,368,52,25,96,37,158,0,126,48,78,0,0,0,0,0,0,,781,138,121,110,117,114,181,0
"Census Tract 189.05, Davidson County, Tennessee",Percent,368,14.1%,6.8%,26.1%,10.1%,42.9%,(X),126,38.1%,61.9%,0.0%,0.0%,0.0%,0.0%,0.0%,(X),,781,17.7%,15.5%,14.1%,15.0%,14.6%,23.2%,(X)
"Census Tract 190.03, Davidson County, Tennessee",Estimate,396,55,52,15,63,211,0,115,73,14,12,0,0,10,6,0,,"1,070",128,105,163,64,181,429,0
"Census Tract 190.03, Davidson County, Tennessee",Percent,396,13.9%,13.1%,3.8%,15.9%,53.3%,(X),115,63.5%,12.2%,10.4%,0.0%,0.0%,8.7%,5.2%,(X),,"1,070",12.0%,9.8%,15.2%,6.0%,16.9%,40.1%,(X)
"Census Tract 190.04, Davidson County, Tennessee",Estimate,422,92,50,66,59,155,4,179,38,38,31,10,28,0,34,29,,706,79,122,60,77,69,299,29
"Census Tract 190.04, Davidson County, Tennessee",Percent,422,21.8%,11.8%,15.6%,14.0%,36.7%,(X),179,21.2%,21.2%,17.3%,5.6%,15.6%,0.0%,19.0%,(X),,706,11.2%,17.3%,8.5%,10.9%,9.8%,42.4%,(X)
"Census Tract 190.05, Davidson County, Tennessee",Estimate,185,62,47,36,0,40,0,66,20,23,0,0,0,12,11,0,,705,36,56,83,95,93,342,43
"Census Tract 190.05, Davidson County, Tennessee",Percent,185,33.5%,25.4%,19.5%,0.0%,21.6%,(X),66,30.3%,34.8%,0.0%,0.0%,0.0%,18.2%,16.7%,(X),,705,5.1%,7.9%,11.8%,13.5%,13.2%,48.5%,(X)
"Census Tract 190.06, Davidson County, Tennessee",Estimate,897,315,105,132,114,231,23,202,45,86,51,0,5,0,15,0,,684,21,76,8,100,125,354,14
"Census Tract 190.06, Davidson County, Tennessee",Percent,897,35.1%,11.7%,14.7%,12.7%,25.8%,(X),202,22.3%,42.6%,25.2%,0.0%,2.5%,0.0%,7.4%,(X),,684,3.1%,11.1%,1.2%,14.6%,18.3%,51.8%,(X)
"Census Tract 191.05, Davidson County, Tennessee",Estimate,577,224,93,99,35,126,0,153,68,57,14,0,14,0,0,13,,"1,364",114,212,108,195,292,443,20
"Census Tract 191.05, Davidson County, Tennessee",Percent,577,38.8%,16.1%,17.2%,6.1%,21.8%,(X),153,44.4%,37.3%,9.2%,0.0%,9.2%,0.0%,0.0%,(X),,"1,364",8.4%,15.5%,7.9%,14.3%,21.4%,32.5%,(X)
"Census Tract 191.06, Davidson County, Tennessee",Estimate,726,286,136,104,52,148,10,107,54,0,26,11,0,0,16,0,,987,132,139,138,163,68,347,0
"Census Tract 191.06, Davidson County, Tennessee",Percent,726,39.4%,18.7%,14.3%,7.2%,20.4%,(X),107,50.5%,0.0%,24.3%,10.3%,0.0%,0.0%,15.0%,(X),,987,13.4%,14.1%,14.0%,16.5%,6.9%,35.2%,(X)
"Census Tract 191.08, Davidson County, Tennessee",Estimate,176,67,57,0,0,52,0,63,22,41,0,0,0,0,0,0,,893,61,225,47,136,69,355,9
"Census Tract 191.08, Davidson County, Tennessee",Percent,176,38.1%,32.4%,0.0%,0.0%,29.5%,(X),63,34.9%,65.1%,0.0%,0.0%,0.0%,0.0%,0.0%,(X),,893,6.8%,25.2%,5.3%,15.2%,7.7%,39.8%,(X)
"Census Tract 191.09, Davidson County, Tennessee",Estimate,990,198,153,191,113,335,0,276,186,29,10,19,0,0,32,0,,344,0,42,52,52,32,166,0
"Census Tract 191.09, Davidson County, Tennessee",Percent,990,20.0%,15.5%,19.3%,11.4%,33.8%,(X),276,67.4%,10.5%,3.6%,6.9%,0.0%,0.0%,11.6%,(X),,344,0.0%,12.2%,15.1%,15.1%,9.3%,48.3%,(X)
"Census Tract 191.10, Davidson County, Tennessee",Estimate,705,171,223,95,58,158,0,297,158,62,24,43,10,0,0,0,,237,35,24,40,0,47,91,0
"Census Tract 191.10, Davidson County, Tennessee",Percent,705,24.3%,31.6%,13.5%,8.2%,22.4%,(X),297,53.2%,20.9%,8.1%,14.5%,3.4%,0.0%,0.0%,(X),,237,14.8%,10.1%,16.9%,0.0%,19.8%,38.4%,(X)
"Census Tract 191.11, Davidson County, Tennessee",Estimate,513,223,88,46,36,120,0,110,54,44,0,0,0,0,12,0,,"1,231",235,150,195,64,211,376,25
"Census Tract 191.11, Davidson County, Tennessee",Percent,513,43.5%,17.2%,9.0%,7.0%,23.4%,(X),110,49.1%,40.0%,0.0%,0.0%,0.0%,0.0%,10.9%,(X),,"1,231",19.1%,12.2%,15.8%,5.2%,17.1%,30.5%,(X)
"Census Tract 191.12, Davidson County, Tennessee",Estimate,718,147,161,174,63,173,0,98,66,21,0,0,0,0,11,0,,476,93,82,49,0,39,213,47
"Census Tract 191.12, Davidson County, Tennessee",Percent,718,20.5%,22.4%,24.2%,8.8%,24.1%,(X),98,67.3%,21.4%,0.0%,0.0%,0.0%,0.0%,11.2%,(X),,476,19.5%,17.2%,10.3%,0.0%,8.2%,44.7%,(X)
"Census Tract 191.14, Davidson County, Tennessee",Estimate,"2,304",603,361,425,472,443,8,325,180,49,33,30,0,0,33,10,,366,17,78,69,32,21,149,0
"Census Tract 191.14, Davidson County, Tennessee",Percent,"2,304",26.2%,15.7%,18.4%,20.5%,19.2%,(X),325,55.4%,15.1%,10.2%,9.2%,0.0%,0.0%,10.2%,(X),,366,4.6%,21.3%,18.9%,8.7%,5.7%,40.7%,(X)
"Census Tract 191.15, Davidson County, Tennessee",Estimate,"1,188",471,175,183,97,262,0,123,40,40,23,0,0,0,20,0,,58,0,0,0,0,9,49,14
"Census Tract 191.15, Davidson County, Tennessee",Percent,"1,188",39.6%,14.7%,15.4%,8.2%,22.1%,(X),123,32.5%,32.5%,18.7%,0.0%,0.0%,0.0%,16.3%,(X),,58,0.0%,0.0%,0.0%,0.0%,15.5%,84.5%,(X)
"Census Tract 191.16, Davidson County, Tennessee",Estimate,"1,271",618,125,97,133,298,0,271,173,27,8,47,0,0,16,0,,"1,070",174,166,70,182,48,430,10
"Census Tract 191.16, Davidson County, Tennessee",Percent,"1,271",48.6%,9.8%,7.6%,10.5%,23.4%,(X),271,63.8%,10.0%,3.0%,17.3%,0.0%,0.0%,5.9%,(X),,"1,070",16.3%,15.5%,6.5%,17.0%,4.5%,40.2%,(X)
"Census Tract 191.17, Davidson County, Tennessee",Estimate,"1,142",371,192,169,63,347,0,36,21,0,15,0,0,0,0,0,,76,8,42,7,11,0,8,0
"Census Tract 191.17, Davidson County, Tennessee",Percent,"1,142",32.5%,16.8%,14.8%,5.5%,30.4%,(X),36,58.3%,0.0%,41.7%,0.0%,0.0%,0.0%,0.0%,(X),,76,10.5%,55.3%,9.2%,14.5%,0.0%,10.5%,(X)
"Census Tract 191.18, Davidson County, Tennessee",Estimate,350,113,44,44,10,139,0,53,13,14,12,0,0,0,14,0,,"1,860",203,246,275,160,129,847,0
"Census Tract 191.18, Davidson County, Tennessee",Percent,350,32.3%,12.6%,12.6%,2.9%,39.7%,(X),53,24.5%,26.4%,22.6%,0.0%,0.0%,0.0%,26.4%,(X),,"1,860",10.9%,13.2%,14.8%,8.6%,6.9%,45.5%,(X)
"Census Tract 192, Davidson County, Tennessee",Estimate,533,222,96,58,61,96,0,161,65,11,37,16,10,0,22,0,,749,39,130,68,70,72,370,31
"Census Tract 192, Davidson County, Tennessee",Percent,533,41.7%,18.0%,10.9%,11.4%,18.0%,(X),161,40.4%,6.8%,23.0%,9.9%,6.2%,0.0%,13.7%,(X),,749,5.2%,17.4%,9.1%,9.3%,9.6%,49.4%,(X)
"Census Tract 193, Davidson County, Tennessee",Estimate,21,0,0,0,0,21,0,36,18,0,0,18,0,0,0,0,,"1,069",197,43,81,218,111,419,165
"Census Tract 193, Davidson County, Tennessee",Percent,21,0.0%,0.0%,0.0%,0.0%,100.0%,(X),36,50.0%,0.0%,0.0%,50.0%,0.0%,0.0%,0.0%,(X),,"1,069",18.4%,4.0%,7.6%,20.4%,10.4%,39.2%,(X)
"Census Tract 194, Davidson County, Tennessee",Estimate,534,181,161,55,17,120,0,79,39,23,17,0,0,0,0,0,,918,135,147,24,107,132,373,110
"Census Tract 194, Davidson County, Tennessee",Percent,534,33.9%,30.1%,10.3%,3.2%,22.5%,(X),79,49.4%,29.1%,21.5%,0.0%,0.0%,0.0%,0.0%,(X),,918,14.7%,16.0%,2.6%,11.7%,14.4%,40.6%,(X)
"Census Tract 195, Davidson County, Tennessee",Estimate,445,97,20,83,85,160,0,60,9,12,10,0,6,0,23,0,,"1,205",179,210,199,154,108,355,62
"Census Tract 195, Davidson County, Tennessee",Percent,445,21.8%,4.5%,18.7%,19.1%,36.0%,(X),60,15.0%,20.0%,16.7%,0.0%,10.0%,0.0%,38.3%,(X),,"1,205",14.9%,17.4%,16.5%,12.8%,9.0%,29.5%,(X)
"Census Tract 196, Davidson County, Tennessee",Estimate,465,198,64,116,33,54,0,268,119,100,20,18,0,11,0,0,,821,111,60,117,42,112,379,71
"Census Tract 196, Davidson County, Tennessee",Percent,465,42.6%,13.8%,24.9%,7.1%,11.6%,(X),268,44.4%,37.3%,7.5%,6.7%,0.0%,4.1%,0.0%,(X),,821,13.5%,7.3%,14.3%,5.1%,13.6%,46.2%,(X)
"Census Tract 9801, Davidson County, Tennessee",Estimate,0,0,0,0,0,0,0,0,0,0,0,0,0,0,0,0,,0,0,0,0,0,0,0,0
"Census Tract 9801, Davidson County, Tennessee",Percent,0,-,-,-,-,-,(X),0,-,-,-,-,-,-,-,(X),,0,-,-,-,-,-,-,(X)
"Census Tract 9802, Davidson County, Tennessee",Estimate,0,0,0,0,0,0,0,0,0,0,0,0,0,0,0,0,,0,0,0,0,0,0,0,0
"Census Tract 9802, Davidson County, Tennessee",Percent,0,-,-,-,-,-,(X),0,-,-,-,-,-,-,-,(X),,0,-,-,-,-,-,-,(X)
